{
  "XGBoost": {
    "train": {
      "stage1_classification": {
        "roc_auc": 1.0,
        "pr_auc": 0.9999999999999998,
        "f1_score": 0.9795918367346939,
        "precision": 0.96,
        "recall": 1.0,
        "specificity": 0.9895833333333334,
        "accuracy": 0.9916666666666667,
        "fpr": 0.010416666666666666,
        "fnr": 0.0,
        "threshold": 0.5,
        "n_samples": 120.0,
        "n_positive": 24.0,
        "n_negative": 96.0
      }
    },
    "val": {
      "stage1_classification": {
        "roc_auc": null,
        "pr_auc": 0.0,
        "f1_score": 0.0,
        "precision": 0.0,
        "recall": 0.0,
        "specificity": 1.0,
        "accuracy": 1.0,
        "fpr": 0.0,
        "fnr": 0.0,
        "threshold": 0.5,
        "n_samples": 25.0,
        "n_positive": 0.0,
        "n_negative": 25.0
      }
    },
    "test": {
      "stage1_classification": {
        "roc_auc": 0.8194444444444444,
        "pr_auc": 0.6222222222222222,
        "f1_score": 0.5714285714285714,
        "precision": 0.5,
        "recall": 0.6666666666666666,
        "specificity": 0.9166666666666666,
        "accuracy": 0.8888888888888888,
        "fpr": 0.08333333333333333,
        "fnr": 0.3333333333333333,
        "threshold": 0.5,
        "n_samples": 27.0,
        "n_positive": 3.0,
        "n_negative": 24.0
      }
    }
  },
  "Random Forest": {
    "train": {
      "stage1_classification": {
        "roc_auc": 0.9956597222222222,
        "pr_auc": 0.9811807472762848,
        "f1_score": 0.96,
        "precision": 0.9230769230769231,
        "recall": 1.0,
        "specificity": 0.9791666666666666,
        "accuracy": 0.9833333333333333,
        "fpr": 0.020833333333333332,
        "fnr": 0.0,
        "threshold": 0.5,
        "n_samples": 120.0,
        "n_positive": 24.0,
        "n_negative": 96.0
      }
    },
    "val": {
      "stage1_classification": {
        "roc_auc": null,
        "pr_auc": 0.0,
        "f1_score": 0.0,
        "precision": 0.0,
        "recall": 0.0,
        "specificity": 1.0,
        "accuracy": 1.0,
        "fpr": 0.0,
        "fnr": 0.0,
        "threshold": 0.5,
        "n_samples": 25.0,
        "n_positive": 0.0,
        "n_negative": 25.0
      }
    },
    "test": {
      "stage1_classification": {
        "roc_auc": 0.8888888888888888,
        "pr_auc": 0.6555555555555554,
        "f1_score": 0.4,
        "precision": 0.5,
        "recall": 0.3333333333333333,
        "specificity": 0.9583333333333334,
        "accuracy": 0.8888888888888888,
        "fpr": 0.041666666666666664,
        "fnr": 0.6666666666666666,
        "threshold": 0.5,
        "n_samples": 27.0,
        "n_positive": 3.0,
        "n_negative": 24.0
      }
    }
  },
  "Logistic Regression": {
    "train": {
      "stage1_classification": {
        "roc_auc": 0.99609375,
        "pr_auc": 0.985390320261947,
        "f1_score": 0.8846153846153846,
        "precision": 0.8214285714285714,
        "recall": 0.9583333333333334,
        "specificity": 0.9479166666666666,
        "accuracy": 0.95,
        "fpr": 0.052083333333333336,
        "fnr": 0.041666666666666664,
        "threshold": 0.5,
        "n_samples": 120.0,
        "n_positive": 24.0,
        "n_negative": 96.0
      }
    },
    "val": {
      "stage1_classification": {
        "roc_auc": null,
        "pr_auc": 0.0,
        "f1_score": 0.0,
        "precision": 0.0,
        "recall": 0.0,
        "specificity": 1.0,
        "accuracy": 1.0,
        "fpr": 0.0,
        "fnr": 0.0,
        "threshold": 0.5,
        "n_samples": 25.0,
        "n_positive": 0.0,
        "n_negative": 25.0
      }
    },
    "test": {
      "stage1_classification": {
        "roc_auc": 0.8125,
        "pr_auc": 0.40476190476190477,
        "f1_score": 0.25,
        "precision": 0.15384615384615385,
        "recall": 0.6666666666666666,
        "specificity": 0.5416666666666666,
        "accuracy": 0.5555555555555556,
        "fpr": 0.4583333333333333,
        "fnr": 0.3333333333333333,
        "threshold": 0.5,
        "n_samples": 27.0,
        "n_positive": 3.0,
        "n_negative": 24.0
      }
    }
  }
}